,date_time,tempC,windspeedKmph,humidity,precipMM,pressure
0,01-08-2019 00:00,31,11,56,0.0,998
1,01-08-2019 01:00,31,11,58,0.0,998
2,01-08-2019 02:00,31,11,60,0.0,998
3,01-08-2019 03:00,30,11,62,0.0,998
4,01-08-2019 04:00,31,11,61,0.0,999
5,01-08-2019 05:00,32,11,60,0.2,999
6,01-08-2019 06:00,33,11,59,0.2,1000
7,01-08-2019 07:00,34,11,54,0.1,999
8,01-08-2019 08:00,35,12,49,0.5,999
9,01-08-2019 09:00,36,13,44,0.7,999
10,01-08-2019 10:00,36,12,44,0.4,998
11,01-08-2019 11:00,36,12,44,0.0,998
12,01-08-2019 12:00,36,12,43,0.0,998
13,01-08-2019 13:00,36,12,43,0.0,997
14,01-08-2019 14:00,36,12,43,0.0,996
15,01-08-2019 15:00,36,12,43,0.0,995
16,01-08-2019 16:00,36,11,45,0.0,996
17,01-08-2019 17:00,35,11,48,0.0,997
18,01-08-2019 18:00,34,10,51,0.0,998
19,01-08-2019 19:00,34,10,52,0.0,998
20,01-08-2019 20:00,34,10,54,0.1,998
21,01-08-2019 21:00,33,10,55,0.1,998
22,01-08-2019 22:00,33,10,55,0.1,998
23,01-08-2019 23:00,33,10,56,0.2,997
24,02-08-2019 00:00,33,10,56,0.3,997
25,02-08-2019 01:00,32,10,57,0.1,997
26,02-08-2019 02:00,32,9,57,0.2,997
27,02-08-2019 03:00,32,8,58,0.3,997
28,02-08-2019 04:00,32,8,56,0.2,997
29,02-08-2019 05:00,33,8,53,0.2,997
30,02-08-2019 06:00,33,8,51,0.3,998
31,02-08-2019 07:00,34,8,48,0.1,997
32,02-08-2019 08:00,35,8,45,0.2,997
33,02-08-2019 09:00,36,8,42,0.3,997
34,02-08-2019 10:00,37,8,41,0.1,997
35,02-08-2019 11:00,37,7,40,0.0,996
36,02-08-2019 12:00,38,7,39,0.0,996
37,02-08-2019 13:00,38,7,39,0.0,995
38,02-08-2019 14:00,37,7,40,0.0,994
39,02-08-2019 15:00,37,7,41,0.0,994
40,02-08-2019 16:00,36,7,44,0.0,995
41,02-08-2019 17:00,35,8,47,0.0,995
42,02-08-2019 18:00,35,9,51,0.0,996
43,02-08-2019 19:00,34,9,52,0.0,997
44,02-08-2019 20:00,34,10,54,0.1,997
45,02-08-2019 21:00,33,11,55,0.1,997
46,02-08-2019 22:00,33,11,55,0.1,997
47,02-08-2019 23:00,33,11,55,0.0,997
48,03-08-2019 00:00,33,11,55,0.0,997
49,03-08-2019 01:00,32,10,56,0.0,997
50,03-08-2019 02:00,32,10,57,0.0,997
51,03-08-2019 03:00,32,10,58,0.0,996
52,03-08-2019 04:00,32,10,56,0.0,997
53,03-08-2019 05:00,33,10,54,0.0,997
54,03-08-2019 06:00,34,10,52,0.0,998
55,03-08-2019 07:00,35,10,48,0.0,997
56,03-08-2019 08:00,36,10,44,0.1,997
57,03-08-2019 09:00,37,10,40,0.1,997
58,03-08-2019 10:00,37,10,39,0.0,997
59,03-08-2019 11:00,37,9,38,0.0,996
60,03-08-2019 12:00,38,9,38,0.0,996
61,03-08-2019 13:00,38,9,38,0.0,995
62,03-08-2019 14:00,38,9,38,0.0,994
63,03-08-2019 15:00,38,9,38,0.0,994
64,03-08-2019 16:00,37,8,42,0.0,995
65,03-08-2019 17:00,36,7,47,1.1,995
66,03-08-2019 18:00,35,6,51,1.5,996
67,03-08-2019 19:00,35,6,52,0.8,997
68,03-08-2019 20:00,34,6,53,1.4,997
69,03-08-2019 21:00,34,5,55,1.9,997
70,03-08-2019 22:00,33,7,57,1.0,997
71,03-08-2019 23:00,33,8,59,1.8,997
72,04-08-2019 00:00,33,9,61,2.4,996
73,04-08-2019 01:00,32,9,61,1.2,996
74,04-08-2019 02:00,32,9,61,1.8,996
75,04-08-2019 03:00,32,8,62,2.4,996
76,04-08-2019 04:00,33,7,59,1.2,996
77,04-08-2019 05:00,33,6,57,0.0,997
78,04-08-2019 06:00,34,5,54,0.0,997
79,04-08-2019 07:00,35,4,50,0.0,997
80,04-08-2019 08:00,36,4,46,0.1,996
81,04-08-2019 09:00,37,3,42,0.2,996
82,04-08-2019 10:00,37,3,41,0.1,996
83,04-08-2019 11:00,37,3,40,0.0,995
84,04-08-2019 12:00,38,3,39,0.0,995
85,04-08-2019 13:00,38,4,39,0.0,994
86,04-08-2019 14:00,38,4,40,0.0,993
87,04-08-2019 15:00,38,5,40,0.0,992
88,04-08-2019 16:00,37,5,43,0.0,993
89,04-08-2019 17:00,36,5,46,0.0,994
90,04-08-2019 18:00,35,4,49,0.0,995
91,04-08-2019 19:00,35,4,49,0.0,995
92,04-08-2019 20:00,35,4,50,0.0,995
93,04-08-2019 21:00,35,4,50,0.0,996
94,04-08-2019 22:00,34,5,54,0.0,995
95,04-08-2019 23:00,33,5,59,2.8,995
96,05-08-2019 00:00,33,6,63,3.8,995
97,05-08-2019 01:00,32,6,64,1.9,995
98,05-08-2019 02:00,32,6,65,3.2,995
99,05-08-2019 03:00,31,5,67,4.3,995
100,05-08-2019 04:00,32,5,63,2.1,995
101,05-08-2019 05:00,33,5,59,0.0,995
102,05-08-2019 06:00,34,5,56,0.0,995
103,05-08-2019 07:00,35,5,52,0.0,995
104,05-08-2019 08:00,36,6,48,0.0,995
105,05-08-2019 09:00,37,6,45,0.0,995
106,05-08-2019 10:00,38,6,42,0.0,994
107,05-08-2019 11:00,39,6,40,0.0,993
108,05-08-2019 12:00,39,5,38,0.0,993
109,05-08-2019 13:00,39,5,39,0.0,992
110,05-08-2019 14:00,39,5,40,0.0,992
111,05-08-2019 15:00,38,5,41,0.0,991
112,05-08-2019 16:00,38,5,44,0.0,992
113,05-08-2019 17:00,37,5,47,0.1,993
114,05-08-2019 18:00,36,5,50,0.1,994
115,05-08-2019 19:00,34,7,58,0.0,994
116,05-08-2019 20:00,32,9,66,2.1,994
117,05-08-2019 21:00,30,11,74,2.8,995
118,05-08-2019 22:00,30,11,74,1.4,994
119,05-08-2019 23:00,29,10,74,3.3,994
120,06-08-2019 00:00,29,9,74,4.4,994
121,06-08-2019 01:00,30,9,71,2.2,994
122,06-08-2019 02:00,30,8,68,3.8,994
123,06-08-2019 03:00,31,7,65,5.1,994
124,06-08-2019 04:00,32,8,63,2.6,994
125,06-08-2019 05:00,33,8,60,0.2,994
126,06-08-2019 06:00,34,9,58,0.3,994
127,06-08-2019 07:00,35,10,52,0.1,994
128,06-08-2019 08:00,36,11,47,0.6,994
129,06-08-2019 09:00,38,12,41,0.8,994
130,06-08-2019 10:00,38,11,39,0.4,994
131,06-08-2019 11:00,39,10,37,0.0,994
132,06-08-2019 12:00,40,9,35,0.0,994
133,06-08-2019 13:00,38,10,40,0.0,993
134,06-08-2019 14:00,37,11,44,0.0,993
135,06-08-2019 15:00,36,12,49,0.0,992
136,06-08-2019 16:00,35,14,52,0.0,993
137,06-08-2019 17:00,34,15,55,0.1,994
138,06-08-2019 18:00,33,17,58,0.2,995
139,06-08-2019 19:00,33,15,59,0.1,995
140,06-08-2019 20:00,32,14,61,0.1,995
141,06-08-2019 21:00,32,12,63,0.2,996
142,06-08-2019 22:00,32,10,64,0.1,995
143,06-08-2019 23:00,32,8,65,0.0,995
144,07-08-2019 00:00,31,6,66,0.0,995
145,07-08-2019 01:00,31,5,66,0.0,995
146,07-08-2019 02:00,31,4,67,0.0,995
147,07-08-2019 03:00,31,3,67,0.0,994
148,07-08-2019 04:00,32,3,64,0.0,995
149,07-08-2019 05:00,32,3,60,0.0,995
150,07-08-2019 06:00,32,3,56,0.0,995
151,07-08-2019 07:00,34,4,51,0.0,995
152,07-08-2019 08:00,35,4,46,0.1,995
153,07-08-2019 09:00,36,5,41,0.1,995
154,07-08-2019 10:00,37,6,40,0.0,994
155,07-08-2019 11:00,37,7,39,0.0,994
156,07-08-2019 12:00,38,8,38,0.0,993
157,07-08-2019 13:00,37,9,39,0.0,992
158,07-08-2019 14:00,37,11,40,0.0,992
159,07-08-2019 15:00,37,12,40,0.0,991
160,07-08-2019 16:00,37,11,44,0.0,992
161,07-08-2019 17:00,36,11,47,0.0,992
162,07-08-2019 18:00,35,10,50,0.0,993
163,07-08-2019 19:00,35,9,51,0.0,993
164,07-08-2019 20:00,35,8,52,0.0,994
165,07-08-2019 21:00,34,7,53,0.0,994
166,07-08-2019 22:00,34,8,55,0.0,994
167,07-08-2019 23:00,33,10,57,0.0,994
168,08-08-2019 00:00,33,11,59,0.0,994
169,08-08-2019 01:00,33,11,59,0.0,994
170,08-08-2019 02:00,33,12,59,0.0,994
171,08-08-2019 03:00,32,12,59,0.0,994
172,08-08-2019 04:00,33,12,58,0.0,995
173,08-08-2019 05:00,33,13,58,0.0,995
174,08-08-2019 06:00,33,13,57,0.0,995
175,08-08-2019 07:00,35,14,52,0.0,995
176,08-08-2019 08:00,36,15,46,0.0,995
177,08-08-2019 09:00,37,16,41,0.0,995
178,08-08-2019 10:00,37,16,40,0.0,994
179,08-08-2019 11:00,38,17,40,0.0,994
180,08-08-2019 12:00,38,17,39,0.0,993
181,08-08-2019 13:00,38,17,39,0.0,993
182,08-08-2019 14:00,38,17,39,0.0,992
183,08-08-2019 15:00,38,17,39,0.0,991
184,08-08-2019 16:00,37,17,41,0.0,992
185,08-08-2019 17:00,36,17,44,0.0,993
186,08-08-2019 18:00,35,17,47,0.0,994
187,08-08-2019 19:00,35,16,49,0.0,995
188,08-08-2019 20:00,34,15,51,0.0,995
189,08-08-2019 21:00,33,14,52,0.0,996
190,08-08-2019 22:00,33,16,55,0.0,996
191,08-08-2019 23:00,32,18,57,0.0,996
192,09-08-2019 00:00,32,19,59,0.0,996
193,09-08-2019 01:00,31,19,59,0.0,996
194,09-08-2019 02:00,31,20,60,0.0,996
195,09-08-2019 03:00,31,20,61,0.0,997
196,09-08-2019 04:00,31,21,60,0.0,997
197,09-08-2019 05:00,31,22,58,0.0,997
198,09-08-2019 06:00,31,23,57,0.0,998
199,09-08-2019 07:00,33,25,54,0.0,998
200,09-08-2019 08:00,34,27,50,0.0,998
201,09-08-2019 09:00,35,28,47,0.0,998
202,09-08-2019 10:00,35,29,47,0.0,997
203,09-08-2019 11:00,35,30,47,0.0,996
204,09-08-2019 12:00,35,31,48,0.0,996
205,09-08-2019 13:00,35,30,46,0.0,995
206,09-08-2019 14:00,35,30,45,0.1,994
207,09-08-2019 15:00,35,30,44,0.1,994
208,09-08-2019 16:00,34,27,47,0.0,995
209,09-08-2019 17:00,33,25,49,0.0,996
210,09-08-2019 18:00,32,23,51,0.0,997
211,09-08-2019 19:00,32,23,54,0.0,997
212,09-08-2019 20:00,32,22,57,0.2,997
213,09-08-2019 21:00,31,21,60,0.2,998
214,09-08-2019 22:00,31,21,63,0.1,997
215,09-08-2019 23:00,30,22,65,0.0,997
216,10-08-2019 00:00,30,23,67,0.0,997
217,10-08-2019 01:00,29,23,69,0.0,997
218,10-08-2019 02:00,29,22,71,0.0,997
219,10-08-2019 03:00,29,22,72,0.0,997
220,10-08-2019 04:00,29,22,72,0.0,997
221,10-08-2019 05:00,29,22,71,0.1,997
222,10-08-2019 06:00,30,22,70,0.1,998
223,10-08-2019 07:00,30,21,68,0.1,998
224,10-08-2019 08:00,31,20,67,0.4,997
225,10-08-2019 09:00,31,20,65,0.5,997
226,10-08-2019 10:00,32,19,61,0.2,997
227,10-08-2019 11:00,33,19,56,0.0,996
228,10-08-2019 12:00,34,18,52,0.0,996
229,10-08-2019 13:00,35,18,52,0.0,996
230,10-08-2019 14:00,35,18,52,0.1,995
231,10-08-2019 15:00,35,18,52,0.1,995
232,10-08-2019 16:00,34,17,54,0.1,996
233,10-08-2019 17:00,33,16,57,0.0,996
234,10-08-2019 18:00,32,15,59,0.0,997
235,10-08-2019 19:00,32,15,60,0.0,998
236,10-08-2019 20:00,32,14,61,0.0,998
237,10-08-2019 21:00,32,13,62,0.0,999
238,10-08-2019 22:00,31,13,63,0.0,999
239,10-08-2019 23:00,31,12,65,0.0,999
240,11-08-2019 00:00,30,12,67,0.0,999
241,11-08-2019 01:00,30,11,68,0.0,999
242,11-08-2019 02:00,30,11,69,0.0,999
243,11-08-2019 03:00,29,11,71,0.0,999
244,11-08-2019 04:00,30,10,67,0.0,999
245,11-08-2019 05:00,31,9,64,0.0,999
246,11-08-2019 06:00,32,8,61,0.0,1000
247,11-08-2019 07:00,33,9,57,0.0,999
248,11-08-2019 08:00,34,9,53,0.0,999
249,11-08-2019 09:00,35,9,48,0.0,999
250,11-08-2019 10:00,36,10,46,0.0,998
251,11-08-2019 11:00,36,10,44,0.0,998
252,11-08-2019 12:00,37,11,41,0.0,997
253,11-08-2019 13:00,37,11,42,0.0,996
254,11-08-2019 14:00,37,12,42,0.0,996
255,11-08-2019 15:00,37,12,43,0.0,995
256,11-08-2019 16:00,36,11,45,0.0,996
257,11-08-2019 17:00,35,10,47,0.0,997
258,11-08-2019 18:00,35,10,49,0.0,998
259,11-08-2019 19:00,34,9,50,0.0,998
260,11-08-2019 20:00,34,9,52,0.0,999
261,11-08-2019 21:00,34,9,53,0.0,999
262,11-08-2019 22:00,33,9,59,0.0,999
263,11-08-2019 23:00,32,9,64,1.1,999
264,12-08-2019 00:00,31,10,69,1.4,999
265,12-08-2019 01:00,31,11,68,0.7,999
266,12-08-2019 02:00,31,12,68,1.8,998
267,12-08-2019 03:00,31,13,68,2.4,998
268,12-08-2019 04:00,31,14,65,1.2,999
269,12-08-2019 05:00,32,15,63,0.1,999
270,12-08-2019 06:00,32,17,61,0.2,1000
271,12-08-2019 07:00,34,17,56,0.1,1000
272,12-08-2019 08:00,35,18,50,1.0,999
273,12-08-2019 09:00,36,18,44,1.3,999
274,12-08-2019 10:00,37,17,42,0.6,998
275,12-08-2019 11:00,37,16,40,0.0,997
276,12-08-2019 12:00,38,15,38,0.0,997
277,12-08-2019 13:00,38,14,39,0.0,996
278,12-08-2019 14:00,38,12,40,0.0,996
279,12-08-2019 15:00,38,11,40,0.0,995
280,12-08-2019 16:00,37,11,43,0.0,996
281,12-08-2019 17:00,36,11,46,0.1,997
282,12-08-2019 18:00,35,11,50,0.1,998
283,12-08-2019 19:00,35,10,50,0.0,998
284,12-08-2019 20:00,35,9,51,0.1,998
285,12-08-2019 21:00,35,8,51,0.1,998
286,12-08-2019 22:00,34,8,54,0.0,998
287,12-08-2019 23:00,34,9,57,0.1,998
288,13-08-2019 00:00,33,9,60,0.1,998
289,13-08-2019 01:00,33,9,61,0.1,998
290,13-08-2019 02:00,32,10,62,0.2,998
291,13-08-2019 03:00,32,11,63,0.3,998
292,13-08-2019 04:00,32,13,60,0.2,998
293,13-08-2019 05:00,33,15,58,0.7,999
294,13-08-2019 06:00,33,16,55,0.9,999
295,13-08-2019 07:00,35,17,51,0.4,999
296,13-08-2019 08:00,36,18,47,0.8,999
297,13-08-2019 09:00,38,19,43,1.0,999
298,13-08-2019 10:00,38,18,42,0.5,998
299,13-08-2019 11:00,38,17,41,0.0,998
300,13-08-2019 12:00,38,15,41,0.0,998
301,13-08-2019 13:00,37,14,44,0.0,997
302,13-08-2019 14:00,36,12,48,0.5,997
303,13-08-2019 15:00,35,10,52,0.6,996
304,13-08-2019 16:00,34,10,58,0.3,997
305,13-08-2019 17:00,32,9,64,1.7,998
306,13-08-2019 18:00,31,8,70,2.3,999
307,13-08-2019 19:00,32,7,68,1.2,999
308,13-08-2019 20:00,32,6,66,3.0,1000
309,13-08-2019 21:00,32,5,64,4.0,1000
310,13-08-2019 22:00,31,6,67,2.0,1000
311,13-08-2019 23:00,31,6,69,3.0,1000
312,14-08-2019 00:00,30,6,72,4.0,1000
313,14-08-2019 01:00,30,6,73,2.0,1000
314,14-08-2019 02:00,30,6,74,3.8,1000
315,14-08-2019 03:00,29,5,75,5.1,1000
316,14-08-2019 04:00,30,5,72,2.6,1001
317,14-08-2019 05:00,31,4,69,1.6,1001
318,14-08-2019 06:00,31,4,66,2.1,1001
319,14-08-2019 07:00,32,5,62,1.1,1001
320,14-08-2019 08:00,33,6,58,2.6,1001
321,14-08-2019 09:00,34,6,55,3.5,1000
322,14-08-2019 10:00,35,8,50,1.8,1000
323,14-08-2019 11:00,36,10,46,0.2,999
324,14-08-2019 12:00,37,12,41,0.2,999
325,14-08-2019 13:00,37,11,42,0.1,998
326,14-08-2019 14:00,37,11,43,0.2,998
327,14-08-2019 15:00,37,11,44,0.2,997
328,14-08-2019 16:00,36,10,46,0.1,998
329,14-08-2019 17:00,35,8,49,0.0,999
330,14-08-2019 18:00,35,7,52,0.0,1000
331,14-08-2019 19:00,34,7,54,0.0,1001
332,14-08-2019 20:00,33,6,57,0.0,1001
333,14-08-2019 21:00,33,6,59,0.0,1001
334,14-08-2019 22:00,32,7,60,0.0,1001
335,14-08-2019 23:00,32,8,61,0.0,1001
336,15-08-2019 00:00,32,9,62,0.0,1001
337,15-08-2019 01:00,31,10,63,0.0,1001
338,15-08-2019 02:00,31,12,64,0.3,1001
339,15-08-2019 03:00,31,13,65,0.4,1001
340,15-08-2019 04:00,31,13,64,0.2,1002
341,15-08-2019 05:00,30,12,64,0.0,1002
342,15-08-2019 06:00,30,12,64,0.0,1002
343,15-08-2019 07:00,32,13,60,0.0,1001
344,15-08-2019 08:00,33,14,56,0.0,1001
345,15-08-2019 09:00,34,15,52,0.0,1001
346,15-08-2019 10:00,35,17,49,0.0,1000
347,15-08-2019 11:00,36,18,47,0.0,1000
348,15-08-2019 12:00,36,20,44,0.0,999
349,15-08-2019 13:00,36,21,45,0.0,998
350,15-08-2019 14:00,36,22,47,0.0,997
351,15-08-2019 15:00,35,24,48,0.0,997
352,15-08-2019 16:00,34,23,51,0.0,998
353,15-08-2019 17:00,34,22,54,0.0,999
354,15-08-2019 18:00,33,21,57,0.0,1000
355,15-08-2019 19:00,32,20,59,0.0,1000
356,15-08-2019 20:00,32,19,60,0.0,1000
357,15-08-2019 21:00,31,19,62,0.0,1000
358,15-08-2019 22:00,31,19,63,0.0,1000
359,15-08-2019 23:00,30,19,65,0.0,1000
360,16-08-2019 00:00,30,19,66,0.0,999
361,16-08-2019 01:00,29,18,67,0.0,999
362,16-08-2019 02:00,29,18,68,0.0,999
363,16-08-2019 03:00,28,18,70,0.0,999
364,16-08-2019 04:00,28,19,69,0.0,999
365,16-08-2019 05:00,29,20,69,0.0,999
366,16-08-2019 06:00,29,21,69,0.0,1000
367,16-08-2019 07:00,30,22,65,0.0,999
368,16-08-2019 08:00,31,23,62,0.1,999
369,16-08-2019 09:00,32,24,59,0.1,999
370,16-08-2019 10:00,32,23,58,0.0,998
371,16-08-2019 11:00,32,23,57,0.2,998
372,16-08-2019 12:00,32,22,57,0.3,997
373,16-08-2019 13:00,31,21,59,0.1,997
374,16-08-2019 14:00,30,21,62,0.3,996
375,16-08-2019 15:00,29,20,65,0.4,996
376,16-08-2019 16:00,29,20,69,0.2,996
377,16-08-2019 17:00,28,20,73,0.0,997
378,16-08-2019 18:00,28,19,78,0.0,997
379,16-08-2019 19:00,28,18,77,0.0,997
380,16-08-2019 20:00,28,18,76,0.0,998
381,16-08-2019 21:00,28,17,75,0.0,998
382,16-08-2019 22:00,28,16,75,0.0,998
383,16-08-2019 23:00,28,15,76,0.1,998
384,17-08-2019 00:00,27,15,77,0.1,997
385,17-08-2019 01:00,27,15,78,0.0,997
386,17-08-2019 02:00,27,15,79,0.1,997
387,17-08-2019 03:00,27,15,80,0.2,997
388,17-08-2019 04:00,27,15,82,0.1,997
389,17-08-2019 05:00,27,16,84,0.5,998
390,17-08-2019 06:00,27,16,86,0.6,998
391,17-08-2019 07:00,28,16,81,0.3,998
392,17-08-2019 08:00,29,15,76,1.4,998
393,17-08-2019 09:00,30,15,72,1.9,998
394,17-08-2019 10:00,30,16,71,1.0,998
395,17-08-2019 11:00,30,16,70,1.4,998
396,17-08-2019 12:00,30,17,70,1.9,998
397,17-08-2019 13:00,30,19,70,0.9,997
398,17-08-2019 14:00,30,21,70,5.5,996
399,17-08-2019 15:00,30,23,69,7.3,996
400,17-08-2019 16:00,30,22,72,3.7,997
401,17-08-2019 17:00,29,21,75,1.5,999
402,17-08-2019 18:00,28,19,78,2.0,1000
403,17-08-2019 19:00,28,19,80,1.0,1000
404,17-08-2019 20:00,28,19,82,1.5,1000
405,17-08-2019 21:00,27,19,84,2.0,1000
406,17-08-2019 22:00,27,17,85,1.0,1000
407,17-08-2019 23:00,27,14,85,0.5,1000
408,18-08-2019 00:00,26,12,86,0.6,1000
409,18-08-2019 01:00,26,14,85,0.3,1000
410,18-08-2019 02:00,26,17,85,0.5,1000
411,18-08-2019 03:00,26,19,84,0.7,1000
412,18-08-2019 04:00,27,17,81,0.3,1001
413,18-08-2019 05:00,28,15,79,0.2,1002
414,18-08-2019 06:00,29,13,76,0.3,1003
415,18-08-2019 07:00,30,12,69,0.2,1003
416,18-08-2019 08:00,31,12,62,0.2,1003
417,18-08-2019 09:00,32,12,56,0.3,1003
418,18-08-2019 10:00,33,12,53,0.2,1002
419,18-08-2019 11:00,34,13,50,0.0,1001
420,18-08-2019 12:00,35,14,47,0.0,1001
421,18-08-2019 13:00,35,15,48,0.0,1001
422,18-08-2019 14:00,34,16,50,0.0,1000
423,18-08-2019 15:00,34,17,51,0.0,1000
424,18-08-2019 16:00,34,15,54,0.0,1001
425,18-08-2019 17:00,34,14,57,0.0,1002
426,18-08-2019 18:00,34,13,60,0.0,1003
427,18-08-2019 19:00,33,11,64,0.0,1003
428,18-08-2019 20:00,31,9,67,0.0,1003
429,18-08-2019 21:00,30,6,71,0.0,1004
430,18-08-2019 22:00,30,6,71,0.0,1003
431,18-08-2019 23:00,30,5,71,0.0,1003
432,19-08-2019 00:00,30,4,71,0.0,1003
433,19-08-2019 01:00,30,4,71,0.0,1003
434,19-08-2019 02:00,29,4,72,0.0,1003
435,19-08-2019 03:00,29,5,72,0.0,1003
436,19-08-2019 04:00,29,5,71,0.0,1003
437,19-08-2019 05:00,30,5,70,0.2,1004
438,19-08-2019 06:00,31,5,69,0.2,1004
439,19-08-2019 07:00,32,5,61,0.1,1004
440,19-08-2019 08:00,33,5,54,0.3,1004
441,19-08-2019 09:00,35,4,47,0.4,1004
442,19-08-2019 10:00,35,6,45,0.2,1003
443,19-08-2019 11:00,36,7,43,0.0,1003
444,19-08-2019 12:00,36,9,41,0.0,1002
445,19-08-2019 13:00,36,11,42,0.0,1002
446,19-08-2019 14:00,36,13,42,0.0,1001
447,19-08-2019 15:00,36,14,43,0.0,1000
448,19-08-2019 16:00,35,14,45,0.0,1001
449,19-08-2019 17:00,34,13,47,0.0,1002
450,19-08-2019 18:00,34,12,49,0.0,1003
451,19-08-2019 19:00,34,10,51,0.0,1003
452,19-08-2019 20:00,34,8,53,0.0,1003
453,19-08-2019 21:00,33,6,55,0.0,1003
454,19-08-2019 22:00,33,5,58,0.0,1003
455,19-08-2019 23:00,32,4,61,0.0,1003
456,20-08-2019 00:00,32,3,64,0.0,1002
457,20-08-2019 01:00,31,3,66,0.0,1003
458,20-08-2019 02:00,31,3,67,0.2,1003
459,20-08-2019 03:00,30,3,68,0.2,1003
460,20-08-2019 04:00,31,4,67,0.1,1003
461,20-08-2019 05:00,31,6,65,0.1,1003
462,20-08-2019 06:00,31,8,63,0.1,1004
463,20-08-2019 07:00,33,10,56,0.0,1004
464,20-08-2019 08:00,34,12,50,0.1,1003
465,20-08-2019 09:00,36,14,43,0.1,1003
466,20-08-2019 10:00,36,14,40,0.0,1003
467,20-08-2019 11:00,37,15,38,0.0,1002
468,20-08-2019 12:00,37,15,35,0.0,1001
469,20-08-2019 13:00,37,16,35,0.0,1001
470,20-08-2019 14:00,37,17,35,0.0,1000
471,20-08-2019 15:00,37,18,35,0.0,1000
472,20-08-2019 16:00,36,18,37,0.0,1000
473,20-08-2019 17:00,36,17,40,0.0,1001
474,20-08-2019 18:00,35,16,42,0.0,1001
475,20-08-2019 19:00,35,14,44,0.0,1001
476,20-08-2019 20:00,34,12,45,0.0,1001
477,20-08-2019 21:00,34,10,47,0.0,1002
478,20-08-2019 22:00,33,8,49,0.0,1001
479,20-08-2019 23:00,33,6,51,0.0,1001
480,21-08-2019 00:00,32,4,52,0.0,1001
481,21-08-2019 01:00,32,5,53,0.0,1001
482,21-08-2019 02:00,31,6,54,0.0,1001
483,21-08-2019 03:00,31,6,55,0.0,1002
484,21-08-2019 04:00,32,7,55,0.0,1002
485,21-08-2019 05:00,32,7,54,0.1,1002
486,21-08-2019 06:00,33,8,53,0.2,1002
487,21-08-2019 07:00,34,8,48,0.1,1002
488,21-08-2019 08:00,36,9,43,0.1,1002
489,21-08-2019 09:00,37,9,38,0.2,1001
490,21-08-2019 10:00,38,12,35,0.1,1001
491,21-08-2019 11:00,38,15,32,0.0,1000
492,21-08-2019 12:00,39,17,29,0.0,999
493,21-08-2019 13:00,39,18,29,0.0,999
494,21-08-2019 14:00,39,18,30,0.0,998
495,21-08-2019 15:00,39,18,31,0.0,998
496,21-08-2019 16:00,38,17,32,0.0,999
497,21-08-2019 17:00,37,15,34,0.0,999
498,21-08-2019 18:00,36,13,36,0.0,1000
499,21-08-2019 19:00,35,13,39,0.0,1000
500,21-08-2019 20:00,34,13,43,0.0,1001
501,21-08-2019 21:00,33,13,46,0.0,1001
502,21-08-2019 22:00,33,13,51,0.0,1001
503,21-08-2019 23:00,32,13,56,0.1,1001
504,22-08-2019 00:00,31,13,61,0.2,1001
505,22-08-2019 01:00,31,12,64,0.1,1001
506,22-08-2019 02:00,30,11,67,0.4,1001
507,22-08-2019 03:00,29,10,70,0.6,1002
508,22-08-2019 04:00,31,9,64,0.3,1002
509,22-08-2019 05:00,32,9,58,0.5,1002
510,22-08-2019 06:00,33,9,51,0.6,1003
511,22-08-2019 07:00,35,9,46,0.3,1003
512,22-08-2019 08:00,36,8,42,0.5,1002
513,22-08-2019 09:00,37,8,37,0.6,1002
514,22-08-2019 10:00,37,9,38,0.3,1002
515,22-08-2019 11:00,36,9,39,0.0,1001
516,22-08-2019 12:00,36,9,40,0.0,1000
517,22-08-2019 13:00,36,8,39,0.0,1000
518,22-08-2019 14:00,37,8,38,0.0,999
519,22-08-2019 15:00,37,7,38,0.0,999
520,22-08-2019 16:00,36,8,44,0.0,999
521,22-08-2019 17:00,34,9,50,0.0,1000
522,22-08-2019 18:00,33,10,56,0.0,1000
523,22-08-2019 19:00,32,11,59,0.0,1000
524,22-08-2019 20:00,31,12,62,0.0,1001
525,22-08-2019 21:00,31,13,66,0.0,1001
526,22-08-2019 22:00,31,12,65,0.0,1001
527,22-08-2019 23:00,31,11,64,0.0,1001
528,23-08-2019 00:00,31,10,63,0.0,1001
529,23-08-2019 01:00,30,10,64,0.0,1001
530,23-08-2019 02:00,30,9,65,0.0,1001
531,23-08-2019 03:00,29,8,66,0.0,1001
532,23-08-2019 04:00,30,8,64,0.0,1002
533,23-08-2019 05:00,31,8,63,0.5,1002
534,23-08-2019 06:00,32,7,62,0.6,1002
535,23-08-2019 07:00,33,6,55,0.3,1002
536,23-08-2019 08:00,35,6,49,0.8,1002
537,23-08-2019 09:00,37,5,42,1.0,1002
538,23-08-2019 10:00,38,5,39,0.5,1001
539,23-08-2019 11:00,38,4,36,0.0,1000
540,23-08-2019 12:00,39,4,34,0.0,999
541,23-08-2019 13:00,38,6,35,0.0,999
542,23-08-2019 14:00,37,8,37,0.0,998
543,23-08-2019 15:00,37,9,39,0.0,998
544,23-08-2019 16:00,36,9,39,0.0,999
545,23-08-2019 17:00,36,10,40,0.0,999
546,23-08-2019 18:00,36,10,40,0.0,1000
547,23-08-2019 19:00,35,9,44,0.0,1000
548,23-08-2019 20:00,35,8,47,0.0,1001
549,23-08-2019 21:00,34,7,50,0.0,1001
550,23-08-2019 22:00,33,7,52,0.0,1001
551,23-08-2019 23:00,33,8,54,0.0,1000
552,24-08-2019 00:00,32,8,56,0.0,1000
553,24-08-2019 01:00,32,8,58,0.0,1001
554,24-08-2019 02:00,32,8,59,0.0,1001
555,24-08-2019 03:00,31,8,61,0.0,1001
556,24-08-2019 04:00,32,7,59,0.0,1001
557,24-08-2019 05:00,33,7,57,0.1,1002
558,24-08-2019 06:00,33,6,54,0.1,1002
559,24-08-2019 07:00,35,6,48,0.1,1002
560,24-08-2019 08:00,36,6,42,0.1,1002
561,24-08-2019 09:00,38,6,36,0.1,1002
562,24-08-2019 10:00,38,6,36,0.1,1001
563,24-08-2019 11:00,38,6,35,0.1,1000
564,24-08-2019 12:00,38,6,35,0.1,1000
565,24-08-2019 13:00,37,7,38,0.0,999
566,24-08-2019 14:00,36,8,41,0.2,999
567,24-08-2019 15:00,35,8,45,0.3,999
568,24-08-2019 16:00,35,9,48,0.1,999
569,24-08-2019 17:00,34,9,52,0.3,1000
570,24-08-2019 18:00,34,9,55,0.4,1001
571,24-08-2019 19:00,33,10,58,0.2,1001
572,24-08-2019 20:00,32,10,62,0.3,1001
573,24-08-2019 21:00,31,11,65,0.4,1001
574,24-08-2019 22:00,31,12,67,0.2,1001
575,24-08-2019 23:00,30,13,69,0.0,1001
576,25-08-2019 00:00,30,14,71,0.0,1001
577,25-08-2019 01:00,29,13,72,0.0,1001
578,25-08-2019 02:00,29,12,73,0.0,1001
579,25-08-2019 03:00,29,10,74,0.0,1001
580,25-08-2019 04:00,29,10,71,0.0,1002
581,25-08-2019 05:00,30,10,68,0.0,1002
582,25-08-2019 06:00,31,9,66,0.0,1003
583,25-08-2019 07:00,32,9,60,0.0,1003
584,25-08-2019 08:00,33,9,55,0.1,1003
585,25-08-2019 09:00,35,9,49,0.1,1003
586,25-08-2019 10:00,35,9,47,0.1,1002
587,25-08-2019 11:00,35,10,45,0.0,1001
588,25-08-2019 12:00,36,10,43,0.0,1001
589,25-08-2019 13:00,35,10,47,0.0,1000
590,25-08-2019 14:00,34,11,51,0.0,1000
591,25-08-2019 15:00,33,11,55,0.0,999
592,25-08-2019 16:00,32,11,54,0.0,1000
593,25-08-2019 17:00,32,11,53,0.0,1001
594,25-08-2019 18:00,31,12,53,0.0,1002
595,25-08-2019 19:00,31,12,55,0.0,1002
596,25-08-2019 20:00,31,12,58,0.3,1002
597,25-08-2019 21:00,30,12,60,0.4,1002
598,25-08-2019 22:00,30,11,63,0.2,1002
599,25-08-2019 23:00,30,10,66,0.7,1002
600,26-08-2019 00:00,30,10,69,0.9,1002
601,26-08-2019 01:00,29,9,71,0.4,1002
602,26-08-2019 02:00,29,9,72,0.9,1002
603,26-08-2019 03:00,29,9,74,1.2,1002
604,26-08-2019 04:00,29,9,71,0.6,1002
605,26-08-2019 05:00,30,10,69,0.2,1002
606,26-08-2019 06:00,31,10,66,0.3,1002
607,26-08-2019 07:00,32,12,61,0.1,1002
608,26-08-2019 08:00,33,14,55,0.8,1002
609,26-08-2019 09:00,35,16,50,1.0,1001
610,26-08-2019 10:00,35,16,48,0.5,1001
611,26-08-2019 11:00,36,17,45,0.2,1000
612,26-08-2019 12:00,36,17,42,0.2,1000
613,26-08-2019 13:00,36,16,44,0.1,999
614,26-08-2019 14:00,36,16,45,0.2,999
615,26-08-2019 15:00,35,15,47,0.2,998
616,26-08-2019 16:00,34,14,50,0.1,999
617,26-08-2019 17:00,34,13,54,1.0,1000
618,26-08-2019 18:00,33,12,58,1.3,1001
619,26-08-2019 19:00,32,11,58,0.6,1001
620,26-08-2019 20:00,32,11,58,1.0,1001
621,26-08-2019 21:00,32,10,59,1.4,1001
622,26-08-2019 22:00,32,11,60,0.7,1001
623,26-08-2019 23:00,31,11,62,0.0,1001
624,27-08-2019 00:00,31,11,63,0.0,1000
625,27-08-2019 01:00,31,10,65,0.0,1000
626,27-08-2019 02:00,31,10,66,0.0,1001
627,27-08-2019 03:00,31,10,67,0.0,1001
628,27-08-2019 04:00,31,10,66,0.0,1001
629,27-08-2019 05:00,32,10,65,0.0,1002
630,27-08-2019 06:00,32,10,63,0.0,1002
631,27-08-2019 07:00,33,11,58,0.0,1002
632,27-08-2019 08:00,34,11,53,0.0,1002
633,27-08-2019 09:00,35,11,48,0.0,1002
634,27-08-2019 10:00,36,11,45,0.0,1001
635,27-08-2019 11:00,37,11,43,0.0,1000
636,27-08-2019 12:00,37,12,41,0.0,999
637,27-08-2019 13:00,37,12,42,0.0,999
638,27-08-2019 14:00,37,12,44,0.0,998
639,27-08-2019 15:00,36,12,45,0.0,998
640,27-08-2019 16:00,36,11,47,0.0,998
641,27-08-2019 17:00,35,10,49,0.0,999
642,27-08-2019 18:00,35,9,51,0.0,1000
643,27-08-2019 19:00,34,8,52,0.0,1000
644,27-08-2019 20:00,34,8,53,0.0,1000
645,27-08-2019 21:00,34,8,53,0.0,1001
646,27-08-2019 22:00,33,8,55,0.0,1001
647,27-08-2019 23:00,33,8,57,0.0,1001
648,28-08-2019 00:00,32,8,59,0.0,1001
649,28-08-2019 01:00,31,8,62,0.0,1001
650,28-08-2019 02:00,31,9,66,0.2,1001
651,28-08-2019 03:00,30,9,70,0.2,1001
652,28-08-2019 04:00,31,10,67,0.1,1002
653,28-08-2019 05:00,32,11,64,0.3,1002
654,28-08-2019 06:00,33,11,61,0.4,1003
655,28-08-2019 07:00,34,12,55,0.2,1003
656,28-08-2019 08:00,35,13,50,0.3,1002
657,28-08-2019 09:00,36,14,44,0.4,1002
658,28-08-2019 10:00,37,14,42,0.2,1001
659,28-08-2019 11:00,37,15,41,0.0,1001
660,28-08-2019 12:00,38,15,39,0.0,1000
661,28-08-2019 13:00,38,15,41,0.0,1000
662,28-08-2019 14:00,37,15,42,0.0,999
663,28-08-2019 15:00,37,15,43,0.0,998
664,28-08-2019 16:00,36,15,46,0.0,999
665,28-08-2019 17:00,35,15,49,0.0,1001
666,28-08-2019 18:00,34,14,52,0.0,1002
667,28-08-2019 19:00,34,14,52,0.0,1002
668,28-08-2019 20:00,34,13,53,0.0,1002
669,28-08-2019 21:00,33,13,53,0.0,1002
670,28-08-2019 22:00,33,13,55,0.0,1002
671,28-08-2019 23:00,32,13,57,0.0,1002
672,29-08-2019 00:00,32,13,58,0.0,1002
673,29-08-2019 01:00,32,12,60,0.0,1003
674,29-08-2019 02:00,31,12,61,0.0,1003
675,29-08-2019 03:00,31,12,63,0.0,1003
676,29-08-2019 04:00,32,11,61,0.0,1003
677,29-08-2019 05:00,32,11,60,0.0,1004
678,29-08-2019 06:00,33,10,59,0.0,1004
679,29-08-2019 07:00,34,11,54,0.0,1004
680,29-08-2019 08:00,35,11,49,0.0,1003
681,29-08-2019 09:00,36,12,44,0.0,1003
682,29-08-2019 10:00,37,13,43,0.0,1003
683,29-08-2019 11:00,37,14,42,0.0,1002
684,29-08-2019 12:00,37,14,41,0.0,1001
685,29-08-2019 13:00,37,15,43,0.0,1001
686,29-08-2019 14:00,37,15,44,0.0,1000
687,29-08-2019 15:00,36,15,46,0.0,999
688,29-08-2019 16:00,35,14,48,0.0,1000
689,29-08-2019 17:00,35,13,51,0.0,1001
690,29-08-2019 18:00,34,13,53,0.0,1002
691,29-08-2019 19:00,34,11,54,0.0,1001
692,29-08-2019 20:00,34,10,54,0.0,1001
693,29-08-2019 21:00,33,9,54,0.0,1001
694,29-08-2019 22:00,33,9,55,0.0,1001
695,29-08-2019 23:00,33,9,55,0.0,1002
696,30-08-2019 00:00,33,9,56,0.0,1002
697,30-08-2019 01:00,32,8,57,0.0,1001
698,30-08-2019 02:00,32,8,58,0.0,1001
699,30-08-2019 03:00,31,7,59,0.0,1001
700,30-08-2019 04:00,32,7,59,0.0,1002
701,30-08-2019 05:00,33,7,59,0.0,1002
702,30-08-2019 06:00,33,8,58,0.0,1003
703,30-08-2019 07:00,34,8,53,0.0,1002
704,30-08-2019 08:00,36,8,47,0.0,1002
705,30-08-2019 09:00,37,8,42,0.0,1001
706,30-08-2019 10:00,37,8,40,0.0,1000
707,30-08-2019 11:00,38,9,39,0.0,999
708,30-08-2019 12:00,38,9,37,0.0,998
709,30-08-2019 13:00,38,8,39,0.0,998
710,30-08-2019 14:00,38,8,40,0.0,997
711,30-08-2019 15:00,37,8,41,0.0,997
712,30-08-2019 16:00,36,7,45,0.0,997
713,30-08-2019 17:00,35,7,48,0.1,998
714,30-08-2019 18:00,34,6,52,0.1,998
715,30-08-2019 19:00,34,6,52,0.1,998
716,30-08-2019 20:00,34,6,53,0.2,998
717,30-08-2019 21:00,34,6,54,0.3,998
718,30-08-2019 22:00,33,6,55,0.2,998
719,30-08-2019 23:00,33,6,57,0.7,998
720,31-08-2019 00:00,33,6,59,0.9,998
721,31-08-2019 01:00,33,6,59,0.4,998
722,31-08-2019 02:00,32,7,60,0.9,998
723,31-08-2019 03:00,32,7,61,1.2,998
724,31-08-2019 04:00,33,7,59,0.6,999
725,31-08-2019 05:00,33,7,58,0.0,999
726,31-08-2019 06:00,34,6,56,0.0,1000
727,31-08-2019 07:00,35,6,51,0.0,999
728,31-08-2019 08:00,37,5,46,0.0,999
729,31-08-2019 09:00,38,4,41,0.0,998
730,31-08-2019 10:00,39,3,38,0.0,998
731,31-08-2019 11:00,40,2,35,0.0,997
732,31-08-2019 12:00,40,1,33,0.0,997
733,31-08-2019 13:00,40,2,35,0.0,996
734,31-08-2019 14:00,39,2,36,0.0,996
735,31-08-2019 15:00,38,3,38,0.0,995
736,31-08-2019 16:00,38,4,41,0.0,996
737,31-08-2019 17:00,37,5,44,0.1,997
738,31-08-2019 18:00,36,6,46,0.1,998
739,31-08-2019 19:00,36,7,48,0.1,998
740,31-08-2019 20:00,35,7,49,0.2,998
741,31-08-2019 21:00,35,7,50,0.2,999
742,31-08-2019 22:00,34,7,54,0.1,999
743,31-08-2019 23:00,33,6,57,1.4,999
744,01-09-2019 00:00,33,5,61,2.7,999
745,01-09-2019 01:00,32,6,63,1.4,999
746,01-09-2019 02:00,31,7,66,1.4,999
747,01-09-2019 03:00,31,8,68,1.9,999
748,01-09-2019 04:00,31,9,66,0.9,1000
749,01-09-2019 05:00,32,9,65,1.6,1000
750,01-09-2019 06:00,33,9,63,2.1,1000
751,01-09-2019 07:00,34,10,58,1.0,1000
752,01-09-2019 08:00,35,11,52,2.5,1000
753,01-09-2019 09:00,36,12,47,3.3,1000
754,01-09-2019 10:00,36,11,46,1.6,999
755,01-09-2019 11:00,36,11,46,0.0,999
756,01-09-2019 12:00,37,11,45,0.0,999
757,01-09-2019 13:00,36,12,47,0.0,999
758,01-09-2019 14:00,36,13,49,0.1,998
759,01-09-2019 15:00,35,14,51,0.1,997
760,01-09-2019 16:00,34,15,53,0.0,998
761,01-09-2019 17:00,33,16,56,0.0,999
762,01-09-2019 18:00,33,17,58,0.0,1000
763,01-09-2019 19:00,32,16,60,0.0,1000
764,01-09-2019 20:00,32,15,62,0.0,1000
765,01-09-2019 21:00,32,14,64,0.0,1000
766,01-09-2019 22:00,31,14,65,0.0,1000
767,01-09-2019 23:00,31,13,65,0.0,1000
768,02-09-2019 00:00,31,13,66,0.0,1000
769,02-09-2019 01:00,31,12,67,0.0,1000
770,02-09-2019 02:00,30,12,67,0.0,1001
771,02-09-2019 03:00,30,12,68,0.0,1001
772,02-09-2019 04:00,31,11,66,0.0,1001
773,02-09-2019 05:00,31,10,65,0.0,1002
774,02-09-2019 06:00,32,9,63,0.0,1003
775,02-09-2019 07:00,34,10,57,0.0,1002
776,02-09-2019 08:00,35,10,52,0.0,1001
777,02-09-2019 09:00,37,10,46,0.0,1001
778,02-09-2019 10:00,37,9,44,0.0,1000
779,02-09-2019 11:00,38,7,41,0.0,999
780,02-09-2019 12:00,39,6,39,0.0,999
781,02-09-2019 13:00,38,5,41,0.0,998
782,02-09-2019 14:00,37,5,42,0.0,997
783,02-09-2019 15:00,37,4,44,0.0,997
784,02-09-2019 16:00,36,6,45,0.0,997
785,02-09-2019 17:00,36,7,47,0.0,998
786,02-09-2019 18:00,35,9,49,0.0,999
787,02-09-2019 19:00,35,8,50,0.0,999
788,02-09-2019 20:00,35,7,51,0.0,999
789,02-09-2019 21:00,35,6,52,0.0,999
790,02-09-2019 22:00,34,7,55,0.0,999
791,02-09-2019 23:00,33,7,59,0.6,999
792,03-09-2019 00:00,33,8,63,0.8,999
793,03-09-2019 01:00,32,9,64,0.4,999
794,03-09-2019 02:00,32,9,66,1.2,999
795,03-09-2019 03:00,31,10,68,1.6,1000
796,03-09-2019 04:00,32,9,63,0.8,1000
797,03-09-2019 05:00,33,7,59,1.5,1000
798,03-09-2019 06:00,34,6,55,2.0,1001
799,03-09-2019 07:00,36,5,50,1.0,1001
800,03-09-2019 08:00,37,4,45,1.6,1000
801,03-09-2019 09:00,38,3,41,2.1,1000
802,03-09-2019 10:00,38,4,40,1.1,999
803,03-09-2019 11:00,38,5,39,0.0,999
804,03-09-2019 12:00,38,6,38,0.0,998
805,03-09-2019 13:00,38,6,40,0.0,997
806,03-09-2019 14:00,37,7,42,0.0,997
807,03-09-2019 15:00,37,7,44,0.0,996
808,03-09-2019 16:00,36,7,46,0.0,997
809,03-09-2019 17:00,36,6,49,0.1,998
810,03-09-2019 18:00,35,6,51,0.1,998
811,03-09-2019 19:00,34,6,55,0.0,999
812,03-09-2019 20:00,33,6,59,0.1,999
813,03-09-2019 21:00,33,6,62,0.2,999
814,03-09-2019 22:00,32,8,64,0.1,999
815,03-09-2019 23:00,32,9,67,1.9,999
816,04-09-2019 00:00,31,10,69,2.6,999
817,04-09-2019 01:00,31,9,68,1.3,999
818,04-09-2019 02:00,32,9,68,2.0,999
819,04-09-2019 03:00,32,9,67,2.6,999
820,04-09-2019 04:00,32,8,64,1.3,1000
821,04-09-2019 05:00,33,8,62,0.8,1000
822,04-09-2019 06:00,34,7,59,1.1,1000
823,04-09-2019 07:00,35,7,55,0.5,1000
824,04-09-2019 08:00,36,7,50,1.2,999
825,04-09-2019 09:00,37,7,46,1.6,999
826,04-09-2019 10:00,37,7,45,0.8,999
827,04-09-2019 11:00,37,6,44,0.0,999
828,04-09-2019 12:00,37,6,42,0.0,998
829,04-09-2019 13:00,37,6,43,0.0,997
830,04-09-2019 14:00,37,7,44,0.0,997
831,04-09-2019 15:00,37,7,46,0.0,996
832,04-09-2019 16:00,36,8,49,0.0,997
833,04-09-2019 17:00,35,8,52,0.0,998
834,04-09-2019 18:00,34,9,56,0.0,999
835,04-09-2019 19:00,33,10,58,0.0,999
836,04-09-2019 20:00,33,10,60,0.0,999
837,04-09-2019 21:00,32,11,61,0.0,999
838,04-09-2019 22:00,32,12,64,0.0,999
839,04-09-2019 23:00,31,12,66,0.1,999
840,05-09-2019 00:00,30,13,69,0.1,999
841,05-09-2019 01:00,30,12,69,0.0,1000
842,05-09-2019 02:00,30,11,70,0.2,1000
843,05-09-2019 03:00,29,10,70,0.2,1000
844,05-09-2019 04:00,30,11,69,0.1,1001
845,05-09-2019 05:00,31,12,67,0.1,1001
846,05-09-2019 06:00,32,13,65,0.2,1001
847,05-09-2019 07:00,33,13,60,0.1,1001
848,05-09-2019 08:00,34,14,54,0.0,1000
849,05-09-2019 09:00,36,15,48,0.0,1000
850,05-09-2019 10:00,36,14,46,0.0,999
851,05-09-2019 11:00,36,13,44,0.0,999
852,05-09-2019 12:00,37,12,42,0.0,998
853,05-09-2019 13:00,37,11,42,0.0,997
854,05-09-2019 14:00,37,11,43,0.0,997
855,05-09-2019 15:00,37,10,43,0.0,996
856,05-09-2019 16:00,36,11,47,0.0,997
857,05-09-2019 17:00,34,12,50,0.0,998
858,05-09-2019 18:00,33,13,54,0.0,998
859,05-09-2019 19:00,33,12,55,0.0,999
860,05-09-2019 20:00,33,11,56,0.0,999
861,05-09-2019 21:00,32,10,57,0.0,1000
862,05-09-2019 22:00,32,11,58,0.0,999
863,05-09-2019 23:00,32,11,60,0.0,999
864,06-09-2019 00:00,32,11,61,0.0,998
865,06-09-2019 01:00,31,11,63,0.0,998
866,06-09-2019 02:00,31,11,64,0.0,999
867,06-09-2019 03:00,31,11,66,0.0,999
868,06-09-2019 04:00,31,11,64,0.0,999
869,06-09-2019 05:00,32,12,63,0.0,999
870,06-09-2019 06:00,32,12,61,0.0,1000
871,06-09-2019 07:00,33,12,56,0.0,999
872,06-09-2019 08:00,35,12,51,0.0,999
873,06-09-2019 09:00,36,12,46,0.0,999
874,06-09-2019 10:00,36,11,46,0.0,998
875,06-09-2019 11:00,36,10,45,1.0,997
876,06-09-2019 12:00,37,9,45,1.4,997
877,06-09-2019 13:00,36,8,47,0.7,996
878,06-09-2019 14:00,36,6,49,1.0,996
879,06-09-2019 15:00,36,5,51,1.4,996
880,06-09-2019 16:00,35,5,52,0.7,996
881,06-09-2019 17:00,35,5,53,0.0,997
882,06-09-2019 18:00,34,5,54,0.0,998
883,06-09-2019 19:00,34,6,55,0.0,998
884,06-09-2019 20:00,33,7,57,0.1,998
885,06-09-2019 21:00,33,9,58,0.1,998
886,06-09-2019 22:00,32,9,60,0.0,998
887,06-09-2019 23:00,32,10,62,0.3,998
888,07-09-2019 00:00,32,10,63,0.4,998
889,07-09-2019 01:00,31,10,65,0.2,998
890,07-09-2019 02:00,31,10,67,0.7,998
891,07-09-2019 03:00,31,10,69,0.9,998
892,07-09-2019 04:00,31,10,65,0.4,998
893,07-09-2019 05:00,32,10,62,0.6,998
894,07-09-2019 06:00,33,9,59,0.8,998
895,07-09-2019 07:00,34,9,55,0.4,999
896,07-09-2019 08:00,35,8,51,1.3,999
897,07-09-2019 09:00,36,7,48,1.7,999
898,07-09-2019 10:00,36,7,46,0.9,998
899,07-09-2019 11:00,36,6,44,0.1,998
900,07-09-2019 12:00,37,6,43,0.1,997
901,07-09-2019 13:00,36,7,45,0.0,997
902,07-09-2019 14:00,36,8,47,0.1,997
903,07-09-2019 15:00,36,9,49,0.1,997
904,07-09-2019 16:00,35,9,52,0.0,998
905,07-09-2019 17:00,34,10,55,0.0,998
906,07-09-2019 18:00,33,11,58,0.0,999
907,07-09-2019 19:00,33,12,60,0.0,999
908,07-09-2019 20:00,32,13,61,0.0,1000
909,07-09-2019 21:00,32,14,62,0.0,1000
910,07-09-2019 22:00,32,13,63,0.0,1000
911,07-09-2019 23:00,31,12,64,0.0,1000
912,08-09-2019 00:00,31,12,65,0.0,1000
913,08-09-2019 01:00,31,12,67,0.0,1000
914,08-09-2019 02:00,30,12,68,0.0,1000
915,08-09-2019 03:00,30,12,69,0.0,1000
916,08-09-2019 04:00,31,11,66,0.0,1001
917,08-09-2019 05:00,32,11,63,0.3,1001
918,08-09-2019 06:00,32,11,61,0.4,1002
919,08-09-2019 07:00,33,10,56,0.2,1001
920,08-09-2019 08:00,34,10,52,1.1,1001
921,08-09-2019 09:00,36,9,48,1.5,1001
922,08-09-2019 10:00,36,8,45,0.7,1000
923,08-09-2019 11:00,37,7,43,0.0,1000
924,08-09-2019 12:00,37,6,40,0.0,1000
925,08-09-2019 13:00,37,6,42,0.0,999
926,08-09-2019 14:00,37,6,43,0.0,998
927,08-09-2019 15:00,37,6,44,0.0,998
928,08-09-2019 16:00,36,7,46,0.0,998
929,08-09-2019 17:00,35,8,48,0.0,999
930,08-09-2019 18:00,34,10,50,0.0,1000
931,08-09-2019 19:00,34,10,52,0.0,1000
932,08-09-2019 20:00,34,10,54,0.0,1000
933,08-09-2019 21:00,33,10,56,0.0,1001
934,08-09-2019 22:00,33,11,58,0.0,1000
935,08-09-2019 23:00,33,12,59,0.0,1000
936,09-09-2019 00:00,33,13,61,0.0,1000
937,09-09-2019 01:00,33,12,63,0.0,1000
938,09-09-2019 02:00,32,11,65,0.0,1000
939,09-09-2019 03:00,32,10,67,0.0,1000
940,09-09-2019 04:00,32,10,66,0.0,1000
941,09-09-2019 05:00,33,10,66,0.0,1001
942,09-09-2019 06:00,33,9,66,0.0,1001
943,09-09-2019 07:00,34,10,58,0.0,1000
944,09-09-2019 08:00,36,10,51,0.0,1000
945,09-09-2019 09:00,37,10,43,0.0,1000
946,09-09-2019 10:00,38,10,40,0.0,999
947,09-09-2019 11:00,38,10,37,0.0,998
948,09-09-2019 12:00,39,10,34,0.0,998
949,09-09-2019 13:00,39,9,35,0.0,997
950,09-09-2019 14:00,38,9,36,0.0,996
951,09-09-2019 15:00,38,9,37,0.0,996
952,09-09-2019 16:00,38,9,39,0.0,997
953,09-09-2019 17:00,38,9,42,0.0,998
954,09-09-2019 18:00,38,8,45,0.0,999
955,09-09-2019 19:00,37,9,47,0.0,999
956,09-09-2019 20:00,36,9,49,0.0,999
957,09-09-2019 21:00,34,10,51,0.0,999
958,09-09-2019 22:00,34,10,54,0.0,999
959,09-09-2019 23:00,34,9,56,0.0,999
960,10-09-2019 00:00,33,9,59,0.0,999
961,10-09-2019 01:00,33,8,61,0.0,999
962,10-09-2019 02:00,32,8,63,0.0,999
963,10-09-2019 03:00,32,7,65,0.0,1000
964,10-09-2019 04:00,32,7,64,0.0,1000
965,10-09-2019 05:00,33,6,63,0.0,1000
966,10-09-2019 06:00,33,6,62,0.0,1001
967,10-09-2019 07:00,35,6,56,0.0,1000
968,10-09-2019 08:00,36,6,50,0.0,1000
969,10-09-2019 09:00,37,6,44,0.0,1000
970,10-09-2019 10:00,38,6,40,0.0,999
971,10-09-2019 11:00,39,6,37,0.0,998
972,10-09-2019 12:00,39,6,33,0.0,997
973,10-09-2019 13:00,39,7,33,0.0,997
974,10-09-2019 14:00,39,9,33,0.0,996
975,10-09-2019 15:00,40,11,32,0.0,996
976,10-09-2019 16:00,38,10,37,0.0,997
977,10-09-2019 17:00,37,9,41,0.0,998
978,10-09-2019 18:00,36,8,45,0.0,999
979,10-09-2019 19:00,36,8,48,0.0,999
980,10-09-2019 20:00,35,9,51,0.0,999
981,10-09-2019 21:00,35,9,54,0.0,1000
982,10-09-2019 22:00,34,10,55,0.0,1000
983,10-09-2019 23:00,34,11,56,0.0,1000
984,11-09-2019 00:00,33,11,57,0.0,1000
985,11-09-2019 01:00,33,11,58,0.0,1000
986,11-09-2019 02:00,32,11,60,0.0,1000
987,11-09-2019 03:00,32,11,61,0.0,1000
988,11-09-2019 04:00,32,11,60,0.0,1001
989,11-09-2019 05:00,33,11,60,0.0,1001
990,11-09-2019 06:00,34,10,59,0.0,1002
991,11-09-2019 07:00,35,11,53,0.0,1002
992,11-09-2019 08:00,37,11,46,0.0,1001
993,11-09-2019 09:00,38,11,40,0.0,1001
994,11-09-2019 10:00,39,10,35,0.0,1000
995,11-09-2019 11:00,40,9,31,0.0,999
996,11-09-2019 12:00,41,8,27,0.0,999
997,11-09-2019 13:00,41,6,28,0.0,998
998,11-09-2019 14:00,41,5,30,0.0,998
999,11-09-2019 15:00,41,4,31,0.0,997
1000,11-09-2019 16:00,39,6,33,0.0,998
1001,11-09-2019 17:00,38,8,35,0.0,999
1002,11-09-2019 18:00,37,10,37,0.0,1000
1003,11-09-2019 19:00,36,11,40,0.0,1001
1004,11-09-2019 20:00,35,13,43,0.0,1001
1005,11-09-2019 21:00,34,14,46,0.0,1001
1006,11-09-2019 22:00,34,14,49,0.0,1001
1007,11-09-2019 23:00,33,14,52,0.0,1001
1008,12-09-2019 00:00,33,14,55,0.0,1001
1009,12-09-2019 01:00,32,14,56,0.0,1001
1010,12-09-2019 02:00,32,13,58,0.0,1001
1011,12-09-2019 03:00,32,13,59,0.0,1002
1012,12-09-2019 04:00,32,12,58,0.0,1002
1013,12-09-2019 05:00,33,11,57,0.0,1003
1014,12-09-2019 06:00,33,11,56,0.0,1003
1015,12-09-2019 07:00,35,10,52,0.0,1003
1016,12-09-2019 08:00,36,9,47,0.0,1002
1017,12-09-2019 09:00,37,8,42,0.0,1002
1018,12-09-2019 10:00,38,6,39,0.0,1002
1019,12-09-2019 11:00,39,4,37,0.0,1001
1020,12-09-2019 12:00,39,3,35,0.0,1000
1021,12-09-2019 13:00,39,4,36,0.0,1000
1022,12-09-2019 14:00,38,5,37,0.0,999
1023,12-09-2019 15:00,38,6,38,0.0,999
1024,12-09-2019 16:00,37,7,42,0.0,1000
1025,12-09-2019 17:00,36,9,47,0.0,1001
1026,12-09-2019 18:00,35,10,51,0.0,1001
1027,12-09-2019 19:00,34,13,53,0.0,1002
1028,12-09-2019 20:00,34,15,55,0.0,1002
1029,12-09-2019 21:00,33,17,56,0.0,1002
1030,12-09-2019 22:00,33,15,59,0.0,1002
1031,12-09-2019 23:00,33,13,62,0.0,1002
1032,13-09-2019 00:00,33,12,65,0.0,1002
1033,13-09-2019 01:00,32,11,66,0.0,1002
1034,13-09-2019 02:00,32,10,67,0.0,1003
1035,13-09-2019 03:00,31,9,68,0.0,1003
1036,13-09-2019 04:00,31,9,67,0.0,1003
1037,13-09-2019 05:00,31,9,65,0.1,1003
1038,13-09-2019 06:00,31,9,64,0.1,1003
1039,13-09-2019 07:00,31,10,61,0.0,1003
1040,13-09-2019 08:00,32,10,59,0.1,1004
1041,13-09-2019 09:00,33,11,56,0.1,1004
1042,13-09-2019 10:00,33,9,54,0.1,1003
1043,13-09-2019 11:00,34,8,53,0.0,1002
1044,13-09-2019 12:00,34,7,51,0.0,1001
1045,13-09-2019 13:00,34,7,52,0.0,1001
1046,13-09-2019 14:00,34,6,52,0.0,1001
1047,13-09-2019 15:00,35,6,53,0.0,1000
1048,13-09-2019 16:00,34,10,55,0.0,1001
1049,13-09-2019 17:00,33,13,58,0.0,1002
1050,13-09-2019 18:00,32,17,61,0.0,1003
1051,13-09-2019 19:00,32,18,62,0.0,1003
1052,13-09-2019 20:00,31,20,63,0.0,1003
1053,13-09-2019 21:00,31,21,65,0.0,1003
1054,13-09-2019 22:00,31,20,66,0.0,1003
1055,13-09-2019 23:00,30,19,67,0.0,1003
1056,14-09-2019 00:00,30,18,68,0.0,1003
1057,14-09-2019 01:00,30,15,69,0.0,1003
1058,14-09-2019 02:00,30,12,70,0.0,1003
1059,14-09-2019 03:00,30,10,71,0.0,1003
1060,14-09-2019 04:00,30,9,70,0.0,1004
1061,14-09-2019 05:00,30,8,70,0.0,1004
1062,14-09-2019 06:00,30,7,69,0.0,1005
1063,14-09-2019 07:00,31,9,66,0.0,1004
1064,14-09-2019 08:00,32,11,63,0.0,1004
1065,14-09-2019 09:00,33,13,59,0.0,1004
1066,14-09-2019 10:00,33,14,56,0.0,1003
1067,14-09-2019 11:00,34,15,53,0.0,1002
1068,14-09-2019 12:00,35,16,50,0.0,1002
1069,14-09-2019 13:00,35,15,51,0.0,1002
1070,14-09-2019 14:00,34,15,52,0.0,1001
1071,14-09-2019 15:00,34,14,53,0.0,1001
1072,14-09-2019 16:00,33,15,56,0.0,1002
1073,14-09-2019 17:00,32,15,59,0.6,1003
1074,14-09-2019 18:00,32,15,62,0.8,1004
1075,14-09-2019 19:00,31,15,64,0.4,1004
1076,14-09-2019 20:00,31,16,65,1.0,1004
1077,14-09-2019 21:00,31,16,67,1.3,1004
1078,14-09-2019 22:00,30,15,68,0.6,1004
1079,14-09-2019 23:00,30,13,70,0.2,1004
1080,15-09-2019 00:00,29,12,71,0.3,1003
1081,15-09-2019 01:00,29,11,72,0.1,1004
1082,15-09-2019 02:00,29,11,72,0.3,1004
1083,15-09-2019 03:00,29,10,72,0.4,1004
1084,15-09-2019 04:00,29,9,72,0.2,1004
1085,15-09-2019 05:00,30,7,71,0.1,1004
1086,15-09-2019 06:00,30,5,71,0.2,1004
1087,15-09-2019 07:00,31,5,65,0.1,1004
1088,15-09-2019 08:00,33,4,59,0.1,1004
1089,15-09-2019 09:00,34,4,53,0.2,1004
1090,15-09-2019 10:00,35,3,49,0.1,1003
1091,15-09-2019 11:00,35,3,45,0.0,1002
1092,15-09-2019 12:00,36,3,42,0.0,1001
1093,15-09-2019 13:00,36,3,43,0.0,1001
1094,15-09-2019 14:00,36,4,45,0.0,1001
1095,15-09-2019 15:00,35,4,46,0.0,1001
1096,15-09-2019 16:00,35,5,48,0.0,1001
1097,15-09-2019 17:00,34,6,50,0.0,1002
1098,15-09-2019 18:00,34,6,52,0.0,1003
1099,15-09-2019 19:00,34,8,55,0.0,1003
1100,15-09-2019 20:00,35,9,57,0.0,1003
1101,15-09-2019 21:00,36,10,59,0.0,1003
1102,15-09-2019 22:00,34,9,63,0.0,1003
1103,15-09-2019 23:00,33,8,66,0.0,1002
1104,16-09-2019 00:00,32,8,69,0.0,1002
1105,16-09-2019 01:00,32,7,71,0.0,1002
1106,16-09-2019 02:00,32,7,72,0.0,1002
1107,16-09-2019 03:00,32,6,74,0.0,1003
1108,16-09-2019 04:00,32,6,71,0.0,1003
1109,16-09-2019 05:00,32,6,68,0.0,1003
1110,16-09-2019 06:00,32,6,64,0.0,1003
1111,16-09-2019 07:00,34,6,58,0.0,1003
1112,16-09-2019 08:00,35,6,52,0.0,1003
1113,16-09-2019 09:00,37,6,45,0.0,1002
1114,16-09-2019 10:00,38,6,41,0.0,1002
1115,16-09-2019 11:00,38,7,37,0.0,1001
1116,16-09-2019 12:00,39,7,33,0.0,1000
1117,16-09-2019 13:00,38,8,34,0.0,1000
1118,16-09-2019 14:00,38,8,34,0.0,999
1119,16-09-2019 15:00,38,9,35,0.0,998
1120,16-09-2019 16:00,38,9,35,0.0,998
1121,16-09-2019 17:00,39,9,34,0.0,998
1122,16-09-2019 18:00,39,9,34,0.0,997
1123,16-09-2019 19:00,37,10,42,0.0,999
1124,16-09-2019 20:00,35,12,49,0.0,1000
1125,16-09-2019 21:00,33,13,56,0.0,1002
1126,16-09-2019 22:00,32,13,59,0.0,1002
1127,16-09-2019 23:00,32,13,62,0.0,1002
1128,17-09-2019 00:00,31,13,65,0.0,1001
1129,17-09-2019 01:00,31,12,66,0.0,1002
1130,17-09-2019 02:00,31,11,67,0.0,1002
1131,17-09-2019 03:00,31,10,68,0.0,1002
1132,17-09-2019 04:00,32,10,63,0.0,1003
1133,17-09-2019 05:00,32,11,59,0.0,1003
1134,17-09-2019 06:00,33,11,54,0.0,1004
1135,17-09-2019 07:00,35,11,48,0.0,1004
1136,17-09-2019 08:00,36,11,42,0.0,1003
1137,17-09-2019 09:00,38,11,36,0.0,1003
1138,17-09-2019 10:00,38,9,33,0.0,1002
1139,17-09-2019 11:00,39,8,30,0.0,1001
1140,17-09-2019 12:00,40,6,26,0.0,1001
1141,17-09-2019 13:00,39,6,26,0.0,1000
1142,17-09-2019 14:00,39,6,26,0.0,1000
1143,17-09-2019 15:00,39,6,26,0.0,999
1144,17-09-2019 16:00,38,8,32,0.0,1001
1145,17-09-2019 17:00,37,10,37,0.0,1002
1146,17-09-2019 18:00,36,11,42,0.0,1003
1147,17-09-2019 19:00,35,15,47,0.0,1003
1148,17-09-2019 20:00,34,19,52,0.0,1004
1149,17-09-2019 21:00,32,22,58,0.0,1004
1150,17-09-2019 22:00,32,21,60,0.0,1004
1151,17-09-2019 23:00,31,20,63,0.0,1005
1152,18-09-2019 00:00,30,18,66,0.0,1005
1153,18-09-2019 01:00,30,19,68,0.0,1005
1154,18-09-2019 02:00,29,19,69,0.1,1006
1155,18-09-2019 03:00,29,20,70,0.1,1006
1156,18-09-2019 04:00,29,20,70,0.1,1007
1157,18-09-2019 05:00,30,20,69,0.7,1008
1158,18-09-2019 06:00,30,19,68,0.9,1008
1159,18-09-2019 07:00,32,19,61,0.4,1008
1160,18-09-2019 08:00,33,18,55,0.7,1008
1161,18-09-2019 09:00,35,18,48,0.9,1008
1162,18-09-2019 10:00,36,17,44,0.4,1007
1163,18-09-2019 11:00,36,15,41,0.0,1007
1164,18-09-2019 12:00,37,14,37,0.0,1006
1165,18-09-2019 13:00,36,14,40,0.0,1005
1166,18-09-2019 14:00,35,13,42,0.0,1005
1167,18-09-2019 15:00,34,13,45,0.0,1005
1168,18-09-2019 16:00,33,15,50,0.0,1006
1169,18-09-2019 17:00,32,16,54,0.0,1007
1170,18-09-2019 18:00,31,18,59,0.0,1008
1171,18-09-2019 19:00,30,20,62,0.0,1008
1172,18-09-2019 20:00,30,21,65,0.0,1008
1173,18-09-2019 21:00,29,23,68,0.0,1009
1174,18-09-2019 22:00,28,22,69,0.0,1009
1175,18-09-2019 23:00,28,21,71,0.0,1009
1176,19-09-2019 00:00,28,20,72,0.0,1009
1177,19-09-2019 01:00,27,19,75,0.0,1009
1178,19-09-2019 02:00,26,17,78,0.0,1010
1179,19-09-2019 03:00,26,16,81,0.0,1010
1180,19-09-2019 04:00,26,16,79,0.0,1010
1181,19-09-2019 05:00,27,15,77,0.1,1011
1182,19-09-2019 06:00,27,15,75,0.1,1011
1183,19-09-2019 07:00,28,16,69,0.0,1011
1184,19-09-2019 08:00,30,17,62,0.2,1011
1185,19-09-2019 09:00,31,18,55,0.3,1010
1186,19-09-2019 10:00,32,17,54,0.1,1010
1187,19-09-2019 11:00,32,17,53,0.1,1009
1188,19-09-2019 12:00,32,17,52,0.2,1008
1189,19-09-2019 13:00,32,16,52,0.1,1007
1190,19-09-2019 14:00,32,15,52,0.2,1007
1191,19-09-2019 15:00,32,14,53,0.2,1007
1192,19-09-2019 16:00,31,14,56,0.1,1007
1193,19-09-2019 17:00,30,15,60,0.0,1008
1194,19-09-2019 18:00,30,15,64,0.0,1009
1195,19-09-2019 19:00,29,16,65,0.0,1009
1196,19-09-2019 20:00,29,16,66,0.0,1009
1197,19-09-2019 21:00,29,17,67,0.0,1009
1198,19-09-2019 22:00,28,15,68,0.0,1008
1199,19-09-2019 23:00,28,14,70,0.0,1008
1200,20-09-2019 00:00,28,13,72,0.0,1007
1201,20-09-2019 01:00,28,12,73,0.0,1008
1202,20-09-2019 02:00,27,12,74,0.0,1008
1203,20-09-2019 03:00,27,12,76,0.0,1008
1204,20-09-2019 04:00,28,12,73,0.0,1008
1205,20-09-2019 05:00,28,12,70,0.5,1008
1206,20-09-2019 06:00,29,13,67,0.7,1009
1207,20-09-2019 07:00,28,13,68,0.4,1009
1208,20-09-2019 08:00,28,13,68,2.2,1008
1209,20-09-2019 09:00,28,13,69,2.9,1008
1210,20-09-2019 10:00,30,12,62,1.4,1007
1211,20-09-2019 11:00,32,12,54,0.1,1006
1212,20-09-2019 12:00,33,11,47,0.1,1005
1213,20-09-2019 13:00,33,10,48,0.1,1005
1214,20-09-2019 14:00,33,9,49,0.1,1005
1215,20-09-2019 15:00,33,9,51,0.1,1004
1216,20-09-2019 16:00,32,9,53,0.1,1005
1217,20-09-2019 17:00,31,8,56,0.2,1005
1218,20-09-2019 18:00,31,8,59,0.2,1006
1219,20-09-2019 19:00,30,9,61,0.1,1006
1220,20-09-2019 20:00,30,10,64,0.2,1006
1221,20-09-2019 21:00,29,12,66,0.3,1007
1222,20-09-2019 22:00,29,10,67,0.2,1006
1223,20-09-2019 23:00,29,9,67,0.0,1006
1224,21-09-2019 00:00,29,8,67,0.0,1006
1225,21-09-2019 01:00,28,9,68,0.0,1006
1226,21-09-2019 02:00,28,9,69,0.0,1006
1227,21-09-2019 03:00,28,10,70,0.0,1006
1228,21-09-2019 04:00,28,9,68,0.0,1007
1229,21-09-2019 05:00,29,9,66,0.0,1007
1230,21-09-2019 06:00,30,8,64,0.0,1008
1231,21-09-2019 07:00,31,7,58,0.0,1008
1232,21-09-2019 08:00,33,6,51,0.5,1007
1233,21-09-2019 09:00,34,5,44,0.7,1007
1234,21-09-2019 10:00,34,5,43,0.4,1006
1235,21-09-2019 11:00,35,5,41,0.0,1005
1236,21-09-2019 12:00,35,4,40,0.0,1004
1237,21-09-2019 13:00,35,4,41,0.0,1004
1238,21-09-2019 14:00,35,4,42,0.0,1004
1239,21-09-2019 15:00,35,4,44,0.0,1004
1240,21-09-2019 16:00,35,4,48,0.0,1004
1241,21-09-2019 17:00,34,4,52,0.2,1005
1242,21-09-2019 18:00,33,5,56,0.3,1005
1243,21-09-2019 19:00,32,6,57,0.2,1005
1244,21-09-2019 20:00,32,7,58,0.6,1006
1245,21-09-2019 21:00,31,8,59,0.8,1006
1246,21-09-2019 22:00,31,8,61,0.4,1006
1247,21-09-2019 23:00,30,7,62,0.1,1006
1248,22-09-2019 00:00,30,7,64,0.1,1007
1249,22-09-2019 01:00,30,7,65,0.0,1007
1250,22-09-2019 02:00,29,8,66,0.1,1007
1251,22-09-2019 03:00,29,9,66,0.1,1007
1252,22-09-2019 04:00,29,9,66,0.0,1008
1253,22-09-2019 05:00,29,9,65,0.3,1008
1254,22-09-2019 06:00,29,9,64,0.4,1009
1255,22-09-2019 07:00,30,11,60,0.2,1009
1256,22-09-2019 08:00,31,13,56,0.3,1009
1257,22-09-2019 09:00,32,15,52,0.4,1009
1258,22-09-2019 10:00,31,15,50,0.2,1008
1259,22-09-2019 11:00,31,15,48,0.0,1007
1260,22-09-2019 12:00,31,16,46,0.0,1007
1261,22-09-2019 13:00,30,15,48,0.0,1007
1262,22-09-2019 14:00,30,13,50,0.0,1006
1263,22-09-2019 15:00,30,12,53,0.0,1006
1264,22-09-2019 16:00,29,13,56,0.0,1007
1265,22-09-2019 17:00,29,13,59,0.0,1008
1266,22-09-2019 18:00,29,14,62,0.0,1009
1267,22-09-2019 19:00,29,13,64,0.0,1009
1268,22-09-2019 20:00,28,12,67,0.0,1009
1269,22-09-2019 21:00,28,11,70,0.0,1010
1270,22-09-2019 22:00,28,10,72,0.0,1010
1271,22-09-2019 23:00,27,10,74,0.0,1010
1272,23-09-2019 00:00,27,9,76,0.0,1010
1273,23-09-2019 01:00,27,9,75,0.0,1010
1274,23-09-2019 02:00,27,9,74,0.0,1010
1275,23-09-2019 03:00,27,9,73,0.0,1010
1276,23-09-2019 04:00,27,9,71,0.0,1011
1277,23-09-2019 05:00,28,8,68,0.0,1011
1278,23-09-2019 06:00,29,8,66,0.0,1011
1279,23-09-2019 07:00,30,8,60,0.0,1011
1280,23-09-2019 08:00,31,8,54,0.0,1011
1281,23-09-2019 09:00,32,8,48,0.0,1011
1282,23-09-2019 10:00,33,9,48,0.0,1010
1283,23-09-2019 11:00,33,9,48,0.3,1009
1284,23-09-2019 12:00,33,9,48,0.4,1008
1285,23-09-2019 13:00,33,10,50,0.2,1008
1286,23-09-2019 14:00,32,11,52,0.4,1007
1287,23-09-2019 15:00,32,12,54,0.6,1007
1288,23-09-2019 16:00,31,12,56,0.3,1008
1289,23-09-2019 17:00,30,13,59,0.0,1009
1290,23-09-2019 18:00,30,13,61,0.0,1009
1291,23-09-2019 19:00,29,12,64,0.0,1010
1292,23-09-2019 20:00,28,11,67,0.1,1010
1293,23-09-2019 21:00,28,10,70,0.1,1010
1294,23-09-2019 22:00,27,10,71,0.0,1010
1295,23-09-2019 23:00,27,11,73,0.0,1010
1296,24-09-2019 00:00,27,11,75,0.0,1010
1297,24-09-2019 01:00,27,10,75,0.0,1010
1298,24-09-2019 02:00,27,9,75,0.0,1010
1299,24-09-2019 03:00,27,8,75,0.0,1010
1300,24-09-2019 04:00,27,8,71,0.0,1011
1301,24-09-2019 05:00,28,7,68,0.1,1011
1302,24-09-2019 06:00,28,6,64,0.1,1011
1303,24-09-2019 07:00,29,7,62,0.0,1011
1304,24-09-2019 08:00,29,7,59,0.1,1011
1305,24-09-2019 09:00,30,8,57,0.1,1011
1306,24-09-2019 10:00,31,8,53,0.1,1010
1307,24-09-2019 11:00,32,8,49,0.1,1009
1308,24-09-2019 12:00,33,8,45,0.1,1008
1309,24-09-2019 13:00,33,8,48,0.1,1008
1310,24-09-2019 14:00,32,8,50,0.2,1007
1311,24-09-2019 15:00,32,8,52,0.3,1007
1312,24-09-2019 16:00,31,8,56,0.1,1007
1313,24-09-2019 17:00,30,8,61,0.0,1008
1314,24-09-2019 18:00,29,8,65,0.0,1009
1315,24-09-2019 19:00,29,8,67,0.0,1009
1316,24-09-2019 20:00,29,8,69,0.0,1010
1317,24-09-2019 21:00,28,8,71,0.0,1010
1318,24-09-2019 22:00,28,7,71,0.0,1010
1319,24-09-2019 23:00,28,7,71,0.0,1010
1320,25-09-2019 00:00,27,6,72,0.0,1010
1321,25-09-2019 01:00,27,7,72,0.0,1010
1322,25-09-2019 02:00,27,8,72,0.0,1010
1323,25-09-2019 03:00,27,9,73,0.0,1011
1324,25-09-2019 04:00,27,10,71,0.0,1011
1325,25-09-2019 05:00,28,10,70,0.6,1012
1326,25-09-2019 06:00,29,11,68,0.8,1012
1327,25-09-2019 07:00,30,12,62,0.4,1012
1328,25-09-2019 08:00,31,13,56,0.6,1012
1329,25-09-2019 09:00,33,14,51,0.8,1012
1330,25-09-2019 10:00,33,13,48,0.4,1011
1331,25-09-2019 11:00,34,12,45,0.0,1010
1332,25-09-2019 12:00,35,12,42,0.0,1009
1333,25-09-2019 13:00,34,10,44,0.0,1009
1334,25-09-2019 14:00,34,9,46,0.0,1008
1335,25-09-2019 15:00,33,7,49,0.0,1008
1336,25-09-2019 16:00,32,7,51,0.0,1009
1337,25-09-2019 17:00,32,7,54,0.2,1010
1338,25-09-2019 18:00,31,8,57,0.2,1011
1339,25-09-2019 19:00,30,9,60,0.1,1011
1340,25-09-2019 20:00,29,11,63,0.4,1011
1341,25-09-2019 21:00,29,13,66,0.5,1012
1342,25-09-2019 22:00,28,13,69,0.3,1012
1343,25-09-2019 23:00,28,13,71,0.0,1012
1344,26-09-2019 00:00,27,13,73,0.0,1012
1345,26-09-2019 01:00,27,13,75,0.0,1012
1346,26-09-2019 02:00,27,13,77,0.0,1012
1347,26-09-2019 03:00,26,12,79,0.0,1012
1348,26-09-2019 04:00,27,13,77,0.0,1012
1349,26-09-2019 05:00,27,14,75,0.0,1013
1350,26-09-2019 06:00,28,14,74,0.0,1013
1351,26-09-2019 07:00,28,15,71,0.0,1013
1352,26-09-2019 08:00,29,16,67,0.0,1012
1353,26-09-2019 09:00,29,17,64,0.0,1012
1354,26-09-2019 10:00,30,17,61,0.0,1011
1355,26-09-2019 11:00,31,17,57,0.0,1010
1356,26-09-2019 12:00,32,17,53,0.0,1009
1357,26-09-2019 13:00,32,17,54,0.0,1009
1358,26-09-2019 14:00,32,16,55,0.0,1008
1359,26-09-2019 15:00,31,15,57,0.0,1008
1360,26-09-2019 16:00,31,15,59,0.0,1008
1361,26-09-2019 17:00,30,14,62,0.0,1009
1362,26-09-2019 18:00,30,14,64,0.0,1010
1363,26-09-2019 19:00,29,13,67,0.0,1010
1364,26-09-2019 20:00,28,13,69,0.0,1011
1365,26-09-2019 21:00,28,13,72,0.0,1011
1366,26-09-2019 22:00,27,12,73,0.0,1011
1367,26-09-2019 23:00,26,10,75,0.0,1011
1368,27-09-2019 00:00,26,9,77,0.0,1011
1369,27-09-2019 01:00,26,10,78,0.0,1011
1370,27-09-2019 02:00,26,11,79,0.0,1011
1371,27-09-2019 03:00,25,11,80,0.0,1011
1372,27-09-2019 04:00,26,12,78,0.0,1011
1373,27-09-2019 05:00,26,13,77,0.0,1011
1374,27-09-2019 06:00,27,14,75,0.0,1012
1375,27-09-2019 07:00,28,14,72,0.0,1011
1376,27-09-2019 08:00,28,15,69,0.0,1011
1377,27-09-2019 09:00,29,15,67,0.0,1011
1378,27-09-2019 10:00,30,15,63,0.0,1010
1379,27-09-2019 11:00,30,14,59,0.0,1009
1380,27-09-2019 12:00,31,13,56,0.0,1008
1381,27-09-2019 13:00,31,13,57,0.0,1008
1382,27-09-2019 14:00,30,12,59,0.0,1008
1383,27-09-2019 15:00,30,12,61,0.0,1007
1384,27-09-2019 16:00,29,12,63,0.0,1008
1385,27-09-2019 17:00,29,12,66,0.0,1009
1386,27-09-2019 18:00,28,12,69,0.0,1009
1387,27-09-2019 19:00,28,12,71,0.0,1009
1388,27-09-2019 20:00,27,12,73,0.0,1009
1389,27-09-2019 21:00,27,12,75,0.0,1010
1390,27-09-2019 22:00,26,13,75,0.0,1009
1391,27-09-2019 23:00,26,14,76,0.0,1009
1392,28-09-2019 00:00,26,15,77,0.0,1009
1393,28-09-2019 01:00,25,15,78,0.0,1009
1394,28-09-2019 02:00,25,14,78,0.0,1008
1395,28-09-2019 03:00,25,13,79,0.0,1008
1396,28-09-2019 04:00,25,13,77,0.0,1009
1397,28-09-2019 05:00,26,13,76,0.0,1009
1398,28-09-2019 06:00,26,13,74,0.0,1010
1399,28-09-2019 07:00,27,13,70,0.0,1009
1400,28-09-2019 08:00,28,13,65,0.0,1009
1401,28-09-2019 09:00,29,13,61,0.0,1009
1402,28-09-2019 10:00,29,12,64,0.0,1008
1403,28-09-2019 11:00,29,12,66,0.2,1008
1404,28-09-2019 12:00,28,12,69,0.2,1008
1405,28-09-2019 13:00,29,11,67,0.1,1007
1406,28-09-2019 14:00,29,11,65,0.7,1006
1407,28-09-2019 15:00,30,11,63,0.9,1005
1408,28-09-2019 16:00,30,10,64,0.4,1005
1409,28-09-2019 17:00,29,10,65,1.3,1006
1410,28-09-2019 18:00,29,9,66,1.7,1006
1411,28-09-2019 19:00,28,11,69,0.9,1006
1412,28-09-2019 20:00,28,12,72,0.5,1007
1413,28-09-2019 21:00,27,13,75,0.6,1007
1414,28-09-2019 22:00,26,15,77,0.3,1008
1415,28-09-2019 23:00,25,16,79,0.0,1008
1416,29-09-2019 00:00,25,18,82,0.0,1009
1417,29-09-2019 01:00,24,17,82,0.0,1009
1418,29-09-2019 02:00,24,17,81,0.0,1009
1419,29-09-2019 03:00,24,17,81,0.0,1010
1420,29-09-2019 04:00,25,17,81,0.0,1010
1421,29-09-2019 05:00,25,16,81,0.3,1010
1422,29-09-2019 06:00,25,16,81,0.4,1011
1423,29-09-2019 07:00,26,16,79,0.2,1010
1424,29-09-2019 08:00,26,17,77,0.5,1010
1425,29-09-2019 09:00,26,17,75,0.7,1010
1426,29-09-2019 10:00,27,16,70,0.4,1009
1427,29-09-2019 11:00,29,16,65,0.4,1009
1428,29-09-2019 12:00,30,15,60,0.5,1009
1429,29-09-2019 13:00,29,15,61,0.3,1008
1430,29-09-2019 14:00,29,15,63,0.9,1008
1431,29-09-2019 15:00,29,15,65,1.2,1007
1432,29-09-2019 16:00,28,15,68,0.6,1008
1433,29-09-2019 17:00,27,15,72,0.7,1009
1434,29-09-2019 18:00,27,15,75,0.9,1010
1435,29-09-2019 19:00,26,15,77,0.5,1010
1436,29-09-2019 20:00,26,14,79,0.9,1010
1437,29-09-2019 21:00,26,13,81,1.2,1010
1438,29-09-2019 22:00,25,14,83,0.6,1009
1439,29-09-2019 23:00,25,15,85,1.1,1009
1440,30-09-2019 00:00,25,15,87,1.5,1008
1441,30-09-2019 01:00,24,15,87,0.8,1008
1442,30-09-2019 02:00,24,14,88,1.2,1008
1443,30-09-2019 03:00,24,14,89,1.6,1008
1444,30-09-2019 04:00,24,13,86,0.8,1008
1445,30-09-2019 05:00,25,13,84,0.0,1009
1446,30-09-2019 06:00,25,12,81,0.0,1009
1447,30-09-2019 07:00,27,12,74,0.0,1009
1448,30-09-2019 08:00,28,11,68,0.3,1009
1449,30-09-2019 09:00,30,10,61,0.4,1009
1450,30-09-2019 10:00,31,10,57,0.2,1008
1451,30-09-2019 11:00,31,10,53,0.1,1007
1452,30-09-2019 12:00,32,9,49,0.1,1006
1453,30-09-2019 13:00,32,10,50,0.0,1005
1454,30-09-2019 14:00,32,10,51,0.1,1005
1455,30-09-2019 15:00,32,10,51,0.1,1004
1456,30-09-2019 16:00,31,11,56,0.1,1005
1457,30-09-2019 17:00,30,11,61,0.1,1006
1458,30-09-2019 18:00,29,12,66,0.2,1007
1459,30-09-2019 19:00,28,11,67,0.1,1007
1460,30-09-2019 20:00,28,11,69,0.8,1007
1461,30-09-2019 21:00,27,11,70,1.1,1007
1462,30-09-2019 22:00,27,10,71,0.5,1007
1463,30-09-2019 23:00,26,10,73,0.4,1008
